black,white,b_time,w_time,winner,rounds
Jane,Janelle,4.630195200000001,5.000809999999997,Jane,20
Janelle,Jane,20.14080279999999,21.190301200000015,draw,59
Jane,Janelle,12.201773200000005,4.127732599999987,Jane,30
Janelle,Jane,12.104286699999989,2.763381800000033,Janelle,26
Jane,Janelle,7.7971618999999635,4.386431000000016,Jane,20
Janelle,Jane,22.907003799999956,32.29737529999997,draw,59
Jane,Janelle,4.136596900000001,5.2913743000000295,Jane,18
Janelle,Jane,15.771763799999945,37.374253299999936,draw,59
Jane,Janelle,9.255385200000035,13.09120200000001,Janelle,27
Janelle,Jane,26.561470600000177,27.444085400000063,draw,59
Jane,Janelle,46.7118334999999,38.50816230000001,draw,59
Janelle,Jane,15.090749299999999,10.85716149999999,Jane,33
Jane,Janelle,9.042856699999987,6.182259100000067,Jane,18
Janelle,Jane,20.183164199999908,5.312494100000009,Janelle,34
Jane,Janelle,39.02235250000018,18.986478900000208,Janelle,53
Janelle,Jane,15.55765860000001,7.225248599999993,Jane,39
Jane,Janelle,7.577719799999954,6.133846699999978,Jane,24
Janelle,Jane,11.752809900000003,2.7002553999999463,Janelle,26
Jane,Janelle,3.43052280000002,5.717636199999987,Janelle,19
Janelle,Jane,4.6824418000000065,4.500768799999975,Janelle,20
Jane,Janelle,3.3852999999999582,5.692976600000037,Janelle,19
Janelle,Jane,30.717986100000104,27.23224300000001,draw,59
Jane,Janelle,10.160161100000096,4.933800599999984,Janelle,27
Janelle,Jane,27.198885799999942,9.265532399999984,Janelle,44
Jane,Janelle,14.234388999999794,31.456006499999802,Jane,58
Janelle,Jane,6.754007599999966,5.135709899999938,Janelle,18
Jane,Janelle,10.907743499999924,28.732666900000027,Janelle,53
Janelle,Jane,14.38116130000003,4.926474100000121,Janelle,34
Jane,Janelle,4.67469890000001,5.103568199999927,Janelle,17
Janelle,Jane,13.876741700000082,16.409786800000063,Jane,37
Jane,Janelle,4.473193700000024,6.019017499999961,Jane,16
Janelle,Jane,12.488986499999896,8.701125299999944,Janelle,28